red_circle_smile.ppm	red circle smile
red_circle_sad.ppm	red circle sad
red_circle_surprise.ppm	red circle surprise
red_circle_neutral.ppm	red circle neutral
red_square_smile.ppm	red square smile
red_square_sad.ppm	red square sad
red_square_surprise.ppm	red square surprise
red_square_neutral.ppm	red square neutral
red_triangle_smile.ppm	red triangle smile
red_triangle_sad.ppm	red triangle sad
red_triangle_surprise.ppm	red triangle surprise
red_triangle_neutral.ppm	red triangle neutral
red_star_smile.ppm	red star smile
red_star_sad.ppm	red star sad
red_star_surprise.ppm	red star surprise
red_star_neutral.ppm	red star neutral
blue_circle_smile.ppm	blue circle smile
blue_circle_sad.ppm	blue circle sad
blue_circle_surprise.ppm	blue circle surprise
blue_circle_neutral.ppm	blue circle neutral
blue_square_smile.ppm	blue square smile
blue_square_sad.ppm	blue square sad
blue_square_surprise.ppm	blue square surprise
blue_square_neutral.ppm	blue square neutral
blue_triangle_smile.ppm	blue triangle smile
blue_triangle_sad.ppm	blue triangle sad
blue_triangle_surprise.ppm	blue triangle surprise
blue_triangle_neutral.ppm	blue triangle neutral
blue_star_smile.ppm	blue star smile
blue_star_sad.ppm	blue star sad
blue_star_surprise.ppm	blue star surprise
blue_star_neutral.ppm	blue star neutral
green_circle_smile.ppm	green circle smile
green_circle_sad.ppm	green circle sad
green_circle_surprise.ppm	green circle surprise
green_circle_neutral.ppm	green circle neutral
green_square_smile.ppm	green square smile
green_square_sad.ppm	green square sad
green_square_surprise.ppm	green square surprise
green_square_neutral.ppm	green square neutral
green_triangle_smile.ppm	green triangle smile
green_triangle_sad.ppm	green triangle sad
green_triangle_surprise.ppm	green triangle surprise
green_triangle_neutral.ppm	green triangle neutral
green_star_smile.ppm	green star smile
green_star_sad.ppm	green star sad
green_star_surprise.ppm	green star surprise
green_star_neutral.ppm	green star neutral
yellow_circle_smile.ppm	yellow circle smile
yellow_circle_sad.ppm	yellow circle sad
yellow_circle_surprise.ppm	yellow circle surprise
yellow_circle_neutral.ppm	yellow circle neutral
yellow_square_smile.ppm	yellow square smile
yellow_square_sad.ppm	yellow square sad
yellow_square_surprise.ppm	yellow square surprise
yellow_square_neutral.ppm	yellow square neutral
yellow_triangle_smile.ppm	yellow triangle smile
yellow_triangle_sad.ppm	yellow triangle sad
yellow_triangle_surprise.ppm	yellow triangle surprise
yellow_triangle_neutral.ppm	yellow triangle neutral
yellow_star_smile.ppm	yellow star smile
yellow_star_sad.ppm	yellow star sad
yellow_star_surprise.ppm	yellow star surprise
yellow_star_neutral.ppm	yellow star neutral
orange_circle_smile.ppm	orange circle smile
orange_circle_sad.ppm	orange circle sad
orange_circle_surprise.ppm	orange circle surprise
orange_circle_neutral.ppm	orange circle neutral
orange_square_smile.ppm	orange square smile
orange_square_sad.ppm	orange square sad
orange_square_surprise.ppm	orange square surprise
orange_square_neutral.ppm	orange square neutral
orange_triangle_smile.ppm	orange triangle smile
orange_triangle_sad.ppm	orange triangle sad
orange_triangle_surprise.ppm	orange triangle surprise
orange_triangle_neutral.ppm	orange triangle neutral
orange_star_smile.ppm	orange star smile
orange_star_sad.ppm	orange star sad
orange_star_surprise.ppm	orange star surprise
orange_star_neutral.ppm	orange star neutral
pink_circle_smile.ppm	pink circle smile
pink_circle_sad.ppm	pink circle sad
pink_circle_surprise.ppm	pink circle surprise
pink_circle_neutral.ppm	pink circle neutral
pink_square_smile.ppm	pink square smile
pink_square_sad.ppm	pink square sad
pink_square_surprise.ppm	pink square surprise
pink_square_neutral.ppm	pink square neutral
pink_triangle_smile.ppm	pink triangle smile
pink_triangle_sad.ppm	pink triangle sad
pink_triangle_surprise.ppm	pink triangle surprise
pink_triangle_neutral.ppm	pink triangle neutral
pink_star_smile.ppm	pink star smile
pink_star_sad.ppm	pink star sad
pink_star_surprise.ppm	pink star surprise
pink_star_neutral.ppm	pink star neutral
purple_circle_smile.ppm	purple circle smile
purple_circle_sad.ppm	purple circle sad
purple_circle_surprise.ppm	purple circle surprise
purple_circle_neutral.ppm	purple circle neutral
purple_square_smile.ppm	purple square smile
purple_square_sad.ppm	purple square sad
purple_square_surprise.ppm	purple square surprise
purple_square_neutral.ppm	purple square neutral
purple_triangle_smile.ppm	purple triangle smile
purple_triangle_sad.ppm	purple triangle sad
purple_triangle_surprise.ppm	purple triangle surprise
purple_triangle_neutral.ppm	purple triangle neutral
purple_star_smile.ppm	purple star smile
purple_star_sad.ppm	purple star sad
purple_star_surprise.ppm	purple star surprise
purple_star_neutral.ppm	purple star neutral
white_circle_smile.ppm	white circle smile
white_circle_sad.ppm	white circle sad
white_circle_surprise.ppm	white circle surprise
white_circle_neutral.ppm	white circle neutral
white_square_smile.ppm	white square smile
white_square_sad.ppm	white square sad
white_square_surprise.ppm	white square surprise
white_square_neutral.ppm	white square neutral
white_triangle_smile.ppm	white triangle smile
white_triangle_sad.ppm	white triangle sad
white_triangle_surprise.ppm	white triangle surprise
white_triangle_neutral.ppm	white triangle neutral
white_star_smile.ppm	white star smile
white_star_sad.ppm	white star sad
white_star_surprise.ppm	white star surprise
white_star_neutral.ppm	white star neutral
brown_circle_smile.ppm	brown circle smile
brown_circle_sad.ppm	brown circle sad
brown_circle_surprise.ppm	brown circle surprise
brown_circle_neutral.ppm	brown circle neutral
brown_square_smile.ppm	brown square smile
brown_square_sad.ppm	brown square sad
brown_square_surprise.ppm	brown square surprise
brown_square_neutral.ppm	brown square neutral
brown_triangle_smile.ppm	brown triangle smile
brown_triangle_sad.ppm	brown triangle sad
brown_triangle_surprise.ppm	brown triangle surprise
brown_triangle_neutral.ppm	brown triangle neutral
brown_star_smile.ppm	brown star smile
brown_star_sad.ppm	brown star sad
brown_star_surprise.ppm	brown star surprise
brown_star_neutral.ppm	brown star neutral
cyan_circle_smile.ppm	cyan circle smile
cyan_circle_sad.ppm	cyan circle sad
cyan_circle_surprise.ppm	cyan circle surprise
cyan_circle_neutral.ppm	cyan circle neutral
cyan_square_smile.ppm	cyan square smile
cyan_square_sad.ppm	cyan square sad
cyan_square_surprise.ppm	cyan square surprise
cyan_square_neutral.ppm	cyan square neutral
cyan_triangle_smile.ppm	cyan triangle smile
cyan_triangle_sad.ppm	cyan triangle sad
cyan_triangle_surprise.ppm	cyan triangle surprise
cyan_triangle_neutral.ppm	cyan triangle neutral
cyan_star_smile.ppm	cyan star smile
cyan_star_sad.ppm	cyan star sad
cyan_star_surprise.ppm	cyan star surprise
cyan_star_neutral.ppm	cyan star neutral
gradient_red_blue.ppm	gradient blend mixed red blue
gradient_red_green.ppm	gradient blend mixed red green
gradient_blue_green.ppm	gradient blend mixed blue green
gradient_yellow_pink.ppm	gradient blend mixed yellow pink
gradient_orange_purple.ppm	gradient blend mixed orange purple
gradient_red_yellow.ppm	gradient blend mixed red yellow
landscape_sunny_field.ppm	landscape sunny field sky ground
landscape_night_field.ppm	landscape night field sky ground
landscape_sunset_desert.ppm	landscape sunset desert sky ground
landscape_cloudy_snow.ppm	landscape cloudy snow sky ground
char_light_skin_blonde_white_shirt.ppm	character light skin blonde white shirt smile
char_light_skin_blonde_blue_uniform.ppm	character light skin blonde blue uniform smile
char_light_skin_blonde_red_dress.ppm	character light skin blonde red dress smile
char_light_skin_blonde_green_jacket.ppm	character light skin blonde green jacket smile
char_light_skin_black_hair_white_shirt.ppm	character light skin black hair white shirt smile
char_light_skin_black_hair_blue_uniform.ppm	character light skin black hair blue uniform smile
char_light_skin_black_hair_red_dress.ppm	character light skin black hair red dress smile
char_light_skin_black_hair_green_jacket.ppm	character light skin black hair green jacket smile
char_light_skin_red_hair_white_shirt.ppm	character light skin red hair white shirt smile
char_light_skin_red_hair_blue_uniform.ppm	character light skin red hair blue uniform smile
char_light_skin_red_hair_red_dress.ppm	character light skin red hair red dress smile
char_light_skin_red_hair_green_jacket.ppm	character light skin red hair green jacket smile
char_light_skin_brown_hair_white_shirt.ppm	character light skin brown hair white shirt smile
char_light_skin_brown_hair_blue_uniform.ppm	character light skin brown hair blue uniform smile
char_light_skin_brown_hair_red_dress.ppm	character light skin brown hair red dress smile
char_light_skin_brown_hair_green_jacket.ppm	character light skin brown hair green jacket smile
char_dark_skin_blonde_white_shirt.ppm	character dark skin blonde white shirt smile
char_dark_skin_blonde_blue_uniform.ppm	character dark skin blonde blue uniform smile
char_dark_skin_blonde_red_dress.ppm	character dark skin blonde red dress smile
char_dark_skin_blonde_green_jacket.ppm	character dark skin blonde green jacket smile
char_dark_skin_black_hair_white_shirt.ppm	character dark skin black hair white shirt smile
char_dark_skin_black_hair_blue_uniform.ppm	character dark skin black hair blue uniform smile
char_dark_skin_black_hair_red_dress.ppm	character dark skin black hair red dress smile
char_dark_skin_black_hair_green_jacket.ppm	character dark skin black hair green jacket smile
char_dark_skin_red_hair_white_shirt.ppm	character dark skin red hair white shirt smile
char_dark_skin_red_hair_blue_uniform.ppm	character dark skin red hair blue uniform smile
char_dark_skin_red_hair_red_dress.ppm	character dark skin red hair red dress smile
char_dark_skin_red_hair_green_jacket.ppm	character dark skin red hair green jacket smile
char_dark_skin_brown_hair_white_shirt.ppm	character dark skin brown hair white shirt smile
char_dark_skin_brown_hair_blue_uniform.ppm	character dark skin brown hair blue uniform smile
char_dark_skin_brown_hair_red_dress.ppm	character dark skin brown hair red dress smile
char_dark_skin_brown_hair_green_jacket.ppm	character dark skin brown hair green jacket smile
flower_rose_v0.ppm	flower rose petal bloom
flower_rose_v1.ppm	flower rose petal bloom
flower_rose_v2.ppm	flower rose petal bloom
flower_tulip_v0.ppm	flower tulip petal bloom
flower_tulip_v1.ppm	flower tulip petal bloom
flower_tulip_v2.ppm	flower tulip petal bloom
flower_sunflower_v0.ppm	flower sunflower petal bloom
flower_sunflower_v1.ppm	flower sunflower petal bloom
flower_sunflower_v2.ppm	flower sunflower petal bloom
flower_daisy_v0.ppm	flower daisy petal bloom
flower_daisy_v1.ppm	flower daisy petal bloom
flower_daisy_v2.ppm	flower daisy petal bloom
flower_violet_v0.ppm	flower violet petal bloom
flower_violet_v1.ppm	flower violet petal bloom
flower_violet_v2.ppm	flower violet petal bloom
flower_lily_v0.ppm	flower lily petal bloom
flower_lily_v1.ppm	flower lily petal bloom
flower_lily_v2.ppm	flower lily petal bloom
flower_cherry_blossom_v0.ppm	flower cherry_blossom petal bloom
flower_cherry_blossom_v1.ppm	flower cherry_blossom petal bloom
flower_cherry_blossom_v2.ppm	flower cherry_blossom petal bloom
flower_hydrangea_v0.ppm	flower hydrangea petal bloom
flower_hydrangea_v1.ppm	flower hydrangea petal bloom
flower_hydrangea_v2.ppm	flower hydrangea petal bloom
flower_marigold_v0.ppm	flower marigold petal bloom
flower_marigold_v1.ppm	flower marigold petal bloom
flower_marigold_v2.ppm	flower marigold petal bloom
flower_iris_v0.ppm	flower iris petal bloom
flower_iris_v1.ppm	flower iris petal bloom
flower_iris_v2.ppm	flower iris petal bloom
flower_carnation_v0.ppm	flower carnation petal bloom
flower_carnation_v1.ppm	flower carnation petal bloom
flower_carnation_v2.ppm	flower carnation petal bloom
flower_lotus_v0.ppm	flower lotus petal bloom
flower_lotus_v1.ppm	flower lotus petal bloom
flower_lotus_v2.ppm	flower lotus petal bloom
animal_cat_happy.ppm	animal cat happy cute
animal_cat_sleepy.ppm	animal cat sleepy cute
animal_dog_happy.ppm	animal dog happy cute
animal_dog_sleepy.ppm	animal dog sleepy cute
animal_rabbit_happy.ppm	animal rabbit happy cute
animal_rabbit_sleepy.ppm	animal rabbit sleepy cute
animal_bird_happy.ppm	animal bird happy cute
animal_bird_sleepy.ppm	animal bird sleepy cute
animal_fish_happy.ppm	animal fish happy cute
animal_fish_sleepy.ppm	animal fish sleepy cute
animal_fox_happy.ppm	animal fox happy cute
animal_fox_sleepy.ppm	animal fox sleepy cute
animal_bear_happy.ppm	animal bear happy cute
animal_bear_sleepy.ppm	animal bear sleepy cute
animal_panda_happy.ppm	animal panda happy cute
animal_panda_sleepy.ppm	animal panda sleepy cute
landscape_beach.ppm	landscape beach ocean sand wave
landscape_mountain.ppm	landscape mountain green sky peak
landscape_city_night.ppm	landscape city night building light
landscape_autumn.ppm	landscape autumn forest orange leaf
landscape_winter.ppm	landscape winter snow white cold
landscape_spring.ppm	landscape spring green flower bloom
landscape_rain.ppm	landscape rain cloud gray wet
landscape_starry.ppm	landscape night star sky dark
motion_walk_f00.ppm	motion walk frame0 character step
motion_walk_f01.ppm	motion walk frame1 character step
motion_walk_f02.ppm	motion walk frame2 character step
motion_walk_f03.ppm	motion walk frame3 character step
motion_walk_f04.ppm	motion walk frame4 character step
motion_walk_f05.ppm	motion walk frame5 character step
motion_walk_f06.ppm	motion walk frame6 character step
motion_walk_f07.ppm	motion walk frame7 character step
motion_wave_f00.ppm	motion wave hand greeting frame0
motion_wave_f01.ppm	motion wave hand greeting frame1
motion_wave_f02.ppm	motion wave hand greeting frame2
motion_wave_f03.ppm	motion wave hand greeting frame3
motion_wave_f04.ppm	motion wave hand greeting frame4
motion_wave_f05.ppm	motion wave hand greeting frame5
motion_wave_f06.ppm	motion wave hand greeting frame6
motion_wave_f07.ppm	motion wave hand greeting frame7
motion_petal_f00.ppm	motion petal fall flower wind frame0
motion_petal_f01.ppm	motion petal fall flower wind frame1
motion_petal_f02.ppm	motion petal fall flower wind frame2
motion_petal_f03.ppm	motion petal fall flower wind frame3
motion_petal_f04.ppm	motion petal fall flower wind frame4
motion_petal_f05.ppm	motion petal fall flower wind frame5
motion_petal_f06.ppm	motion petal fall flower wind frame6
motion_petal_f07.ppm	motion petal fall flower wind frame7
mix_lr_red_blue.ppm	mixed blend red blue gradient horizontal
mix_tb_red_blue.ppm	mixed blend red blue gradient vertical
mix_lr_red_green.ppm	mixed blend red green gradient horizontal
mix_tb_red_green.ppm	mixed blend red green gradient vertical
mix_lr_red_yellow.ppm	mixed blend red yellow gradient horizontal
mix_tb_red_yellow.ppm	mixed blend red yellow gradient vertical
mix_lr_blue_green.ppm	mixed blend blue green gradient horizontal
mix_tb_blue_green.ppm	mixed blend blue green gradient vertical
mix_lr_blue_yellow.ppm	mixed blend blue yellow gradient horizontal
mix_tb_blue_yellow.ppm	mixed blend blue yellow gradient vertical
mix_lr_blue_pink.ppm	mixed blend blue pink gradient horizontal
mix_tb_blue_pink.ppm	mixed blend blue pink gradient vertical
mix_lr_green_yellow.ppm	mixed blend green yellow gradient horizontal
mix_tb_green_yellow.ppm	mixed blend green yellow gradient vertical
mix_lr_green_orange.ppm	mixed blend green orange gradient horizontal
mix_tb_green_orange.ppm	mixed blend green orange gradient vertical
mix_lr_purple_pink.ppm	mixed blend purple pink gradient horizontal
mix_tb_purple_pink.ppm	mixed blend purple pink gradient vertical
mix_lr_orange_cyan.ppm	mixed blend orange cyan gradient horizontal
mix_tb_orange_cyan.ppm	mixed blend orange cyan gradient vertical
mix_lr_red_white.ppm	mixed blend red white gradient horizontal
mix_tb_red_white.ppm	mixed blend red white gradient vertical
mix_lr_blue_white.ppm	mixed blend blue white gradient horizontal
mix_tb_blue_white.ppm	mixed blend blue white gradient vertical
char_light_skin_pink_hair_white_shirt_smile.ppm	character light skin pink hair white shirt smile
char_light_skin_pink_hair_white_shirt_sad.ppm	character light skin pink hair white shirt sad
char_light_skin_pink_hair_white_shirt_surprise.ppm	character light skin pink hair white shirt surprise
char_light_skin_pink_hair_white_shirt_neutral.ppm	character light skin pink hair white shirt neutral
char_light_skin_pink_hair_blue_uniform_smile.ppm	character light skin pink hair blue uniform smile
char_light_skin_pink_hair_blue_uniform_sad.ppm	character light skin pink hair blue uniform sad
char_light_skin_pink_hair_blue_uniform_surprise.ppm	character light skin pink hair blue uniform surprise
char_light_skin_pink_hair_blue_uniform_neutral.ppm	character light skin pink hair blue uniform neutral
char_light_skin_pink_hair_red_dress_smile.ppm	character light skin pink hair red dress smile
char_light_skin_pink_hair_red_dress_sad.ppm	character light skin pink hair red dress sad
char_light_skin_pink_hair_red_dress_surprise.ppm	character light skin pink hair red dress surprise
char_light_skin_pink_hair_red_dress_neutral.ppm	character light skin pink hair red dress neutral
char_light_skin_pink_hair_green_jacket_smile.ppm	character light skin pink hair green jacket smile
char_light_skin_pink_hair_green_jacket_sad.ppm	character light skin pink hair green jacket sad
char_light_skin_pink_hair_green_jacket_surprise.ppm	character light skin pink hair green jacket surprise
char_light_skin_pink_hair_green_jacket_neutral.ppm	character light skin pink hair green jacket neutral
char_light_skin_pink_hair_purple_coat_smile.ppm	character light skin pink hair purple coat smile
char_light_skin_pink_hair_purple_coat_sad.ppm	character light skin pink hair purple coat sad
char_light_skin_pink_hair_purple_coat_surprise.ppm	character light skin pink hair purple coat surprise
char_light_skin_pink_hair_purple_coat_neutral.ppm	character light skin pink hair purple coat neutral
char_dark_skin_pink_hair_white_shirt_smile.ppm	character dark skin pink hair white shirt smile
char_dark_skin_pink_hair_white_shirt_sad.ppm	character dark skin pink hair white shirt sad
char_dark_skin_pink_hair_white_shirt_surprise.ppm	character dark skin pink hair white shirt surprise
char_dark_skin_pink_hair_white_shirt_neutral.ppm	character dark skin pink hair white shirt neutral
char_dark_skin_pink_hair_blue_uniform_smile.ppm	character dark skin pink hair blue uniform smile
char_dark_skin_pink_hair_blue_uniform_sad.ppm	character dark skin pink hair blue uniform sad
char_dark_skin_pink_hair_blue_uniform_surprise.ppm	character dark skin pink hair blue uniform surprise
char_dark_skin_pink_hair_blue_uniform_neutral.ppm	character dark skin pink hair blue uniform neutral
char_dark_skin_pink_hair_red_dress_smile.ppm	character dark skin pink hair red dress smile
char_dark_skin_pink_hair_red_dress_sad.ppm	character dark skin pink hair red dress sad
char_dark_skin_pink_hair_red_dress_surprise.ppm	character dark skin pink hair red dress surprise
char_dark_skin_pink_hair_red_dress_neutral.ppm	character dark skin pink hair red dress neutral
char_dark_skin_pink_hair_green_jacket_smile.ppm	character dark skin pink hair green jacket smile
char_dark_skin_pink_hair_green_jacket_sad.ppm	character dark skin pink hair green jacket sad
char_dark_skin_pink_hair_green_jacket_surprise.ppm	character dark skin pink hair green jacket surprise
char_dark_skin_pink_hair_green_jacket_neutral.ppm	character dark skin pink hair green jacket neutral
char_dark_skin_pink_hair_purple_coat_smile.ppm	character dark skin pink hair purple coat smile
char_dark_skin_pink_hair_purple_coat_sad.ppm	character dark skin pink hair purple coat sad
char_dark_skin_pink_hair_purple_coat_surprise.ppm	character dark skin pink hair purple coat surprise
char_dark_skin_pink_hair_purple_coat_neutral.ppm	character dark skin pink hair purple coat neutral
char_tan_skin_pink_hair_white_shirt_smile.ppm	character tan skin pink hair white shirt smile
char_tan_skin_pink_hair_white_shirt_sad.ppm	character tan skin pink hair white shirt sad
char_tan_skin_pink_hair_white_shirt_surprise.ppm	character tan skin pink hair white shirt surprise
char_tan_skin_pink_hair_white_shirt_neutral.ppm	character tan skin pink hair white shirt neutral
char_tan_skin_pink_hair_blue_uniform_smile.ppm	character tan skin pink hair blue uniform smile
char_tan_skin_pink_hair_blue_uniform_sad.ppm	character tan skin pink hair blue uniform sad
char_tan_skin_pink_hair_blue_uniform_surprise.ppm	character tan skin pink hair blue uniform surprise
char_tan_skin_pink_hair_blue_uniform_neutral.ppm	character tan skin pink hair blue uniform neutral
char_tan_skin_pink_hair_red_dress_smile.ppm	character tan skin pink hair red dress smile
char_tan_skin_pink_hair_red_dress_sad.ppm	character tan skin pink hair red dress sad
char_tan_skin_pink_hair_red_dress_surprise.ppm	character tan skin pink hair red dress surprise
char_tan_skin_pink_hair_red_dress_neutral.ppm	character tan skin pink hair red dress neutral
char_tan_skin_pink_hair_green_jacket_smile.ppm	character tan skin pink hair green jacket smile
char_tan_skin_pink_hair_green_jacket_sad.ppm	character tan skin pink hair green jacket sad
char_tan_skin_pink_hair_green_jacket_surprise.ppm	character tan skin pink hair green jacket surprise
char_tan_skin_pink_hair_green_jacket_neutral.ppm	character tan skin pink hair green jacket neutral
char_tan_skin_pink_hair_purple_coat_smile.ppm	character tan skin pink hair purple coat smile
char_tan_skin_pink_hair_purple_coat_sad.ppm	character tan skin pink hair purple coat sad
char_tan_skin_pink_hair_purple_coat_surprise.ppm	character tan skin pink hair purple coat surprise
char_tan_skin_pink_hair_purple_coat_neutral.ppm	character tan skin pink hair purple coat neutral
char_tan_skin_blonde_white_shirt_smile.ppm	character tan skin blonde white shirt smile
char_tan_skin_blonde_white_shirt_sad.ppm	character tan skin blonde white shirt sad
char_tan_skin_blonde_white_shirt_surprise.ppm	character tan skin blonde white shirt surprise
char_tan_skin_blonde_white_shirt_neutral.ppm	character tan skin blonde white shirt neutral
char_tan_skin_blonde_blue_uniform_smile.ppm	character tan skin blonde blue uniform smile
char_tan_skin_blonde_blue_uniform_sad.ppm	character tan skin blonde blue uniform sad
char_tan_skin_blonde_blue_uniform_surprise.ppm	character tan skin blonde blue uniform surprise
char_tan_skin_blonde_blue_uniform_neutral.ppm	character tan skin blonde blue uniform neutral
char_tan_skin_blonde_red_dress_smile.ppm	character tan skin blonde red dress smile
char_tan_skin_blonde_red_dress_sad.ppm	character tan skin blonde red dress sad
char_tan_skin_blonde_red_dress_surprise.ppm	character tan skin blonde red dress surprise
char_tan_skin_blonde_red_dress_neutral.ppm	character tan skin blonde red dress neutral
char_tan_skin_blonde_green_jacket_smile.ppm	character tan skin blonde green jacket smile
char_tan_skin_blonde_green_jacket_sad.ppm	character tan skin blonde green jacket sad
char_tan_skin_blonde_green_jacket_surprise.ppm	character tan skin blonde green jacket surprise
char_tan_skin_blonde_green_jacket_neutral.ppm	character tan skin blonde green jacket neutral
char_tan_skin_blonde_purple_coat_smile.ppm	character tan skin blonde purple coat smile
char_tan_skin_blonde_purple_coat_sad.ppm	character tan skin blonde purple coat sad
char_tan_skin_blonde_purple_coat_surprise.ppm	character tan skin blonde purple coat surprise
char_tan_skin_blonde_purple_coat_neutral.ppm	character tan skin blonde purple coat neutral
char_tan_skin_black_hair_white_shirt_smile.ppm	character tan skin black hair white shirt smile
char_tan_skin_black_hair_white_shirt_sad.ppm	character tan skin black hair white shirt sad
char_tan_skin_black_hair_white_shirt_surprise.ppm	character tan skin black hair white shirt surprise
char_tan_skin_black_hair_white_shirt_neutral.ppm	character tan skin black hair white shirt neutral
char_tan_skin_black_hair_blue_uniform_smile.ppm	character tan skin black hair blue uniform smile
char_tan_skin_black_hair_blue_uniform_sad.ppm	character tan skin black hair blue uniform sad
char_tan_skin_black_hair_blue_uniform_surprise.ppm	character tan skin black hair blue uniform surprise
char_tan_skin_black_hair_blue_uniform_neutral.ppm	character tan skin black hair blue uniform neutral
char_tan_skin_black_hair_red_dress_smile.ppm	character tan skin black hair red dress smile
char_tan_skin_black_hair_red_dress_sad.ppm	character tan skin black hair red dress sad
char_tan_skin_black_hair_red_dress_surprise.ppm	character tan skin black hair red dress surprise
char_tan_skin_black_hair_red_dress_neutral.ppm	character tan skin black hair red dress neutral
char_tan_skin_black_hair_green_jacket_smile.ppm	character tan skin black hair green jacket smile
char_tan_skin_black_hair_green_jacket_sad.ppm	character tan skin black hair green jacket sad
char_tan_skin_black_hair_green_jacket_surprise.ppm	character tan skin black hair green jacket surprise
char_tan_skin_black_hair_green_jacket_neutral.ppm	character tan skin black hair green jacket neutral
char_tan_skin_black_hair_purple_coat_smile.ppm	character tan skin black hair purple coat smile
char_tan_skin_black_hair_purple_coat_sad.ppm	character tan skin black hair purple coat sad
char_tan_skin_black_hair_purple_coat_surprise.ppm	character tan skin black hair purple coat surprise
char_tan_skin_black_hair_purple_coat_neutral.ppm	character tan skin black hair purple coat neutral
char_tan_skin_red_hair_white_shirt_smile.ppm	character tan skin red hair white shirt smile
char_tan_skin_red_hair_white_shirt_sad.ppm	character tan skin red hair white shirt sad
char_tan_skin_red_hair_white_shirt_surprise.ppm	character tan skin red hair white shirt surprise
char_tan_skin_red_hair_white_shirt_neutral.ppm	character tan skin red hair white shirt neutral
char_tan_skin_red_hair_blue_uniform_smile.ppm	character tan skin red hair blue uniform smile
char_tan_skin_red_hair_blue_uniform_sad.ppm	character tan skin red hair blue uniform sad
char_tan_skin_red_hair_blue_uniform_surprise.ppm	character tan skin red hair blue uniform surprise
char_tan_skin_red_hair_blue_uniform_neutral.ppm	character tan skin red hair blue uniform neutral
char_tan_skin_red_hair_red_dress_smile.ppm	character tan skin red hair red dress smile
char_tan_skin_red_hair_red_dress_sad.ppm	character tan skin red hair red dress sad
char_tan_skin_red_hair_red_dress_surprise.ppm	character tan skin red hair red dress surprise
char_tan_skin_red_hair_red_dress_neutral.ppm	character tan skin red hair red dress neutral
char_tan_skin_red_hair_green_jacket_smile.ppm	character tan skin red hair green jacket smile
char_tan_skin_red_hair_green_jacket_sad.ppm	character tan skin red hair green jacket sad
char_tan_skin_red_hair_green_jacket_surprise.ppm	character tan skin red hair green jacket surprise
char_tan_skin_red_hair_green_jacket_neutral.ppm	character tan skin red hair green jacket neutral
char_tan_skin_red_hair_purple_coat_smile.ppm	character tan skin red hair purple coat smile
char_tan_skin_red_hair_purple_coat_sad.ppm	character tan skin red hair purple coat sad
char_tan_skin_red_hair_purple_coat_surprise.ppm	character tan skin red hair purple coat surprise
char_tan_skin_red_hair_purple_coat_neutral.ppm	character tan skin red hair purple coat neutral
char_tan_skin_brown_hair_white_shirt_smile.ppm	character tan skin brown hair white shirt smile
char_tan_skin_brown_hair_white_shirt_sad.ppm	character tan skin brown hair white shirt sad
char_tan_skin_brown_hair_white_shirt_surprise.ppm	character tan skin brown hair white shirt surprise
char_tan_skin_brown_hair_white_shirt_neutral.ppm	character tan skin brown hair white shirt neutral
char_tan_skin_brown_hair_blue_uniform_smile.ppm	character tan skin brown hair blue uniform smile
char_tan_skin_brown_hair_blue_uniform_sad.ppm	character tan skin brown hair blue uniform sad
char_tan_skin_brown_hair_blue_uniform_surprise.ppm	character tan skin brown hair blue uniform surprise
char_tan_skin_brown_hair_blue_uniform_neutral.ppm	character tan skin brown hair blue uniform neutral
char_tan_skin_brown_hair_red_dress_smile.ppm	character tan skin brown hair red dress smile
char_tan_skin_brown_hair_red_dress_sad.ppm	character tan skin brown hair red dress sad
char_tan_skin_brown_hair_red_dress_surprise.ppm	character tan skin brown hair red dress surprise
char_tan_skin_brown_hair_red_dress_neutral.ppm	character tan skin brown hair red dress neutral
char_tan_skin_brown_hair_green_jacket_smile.ppm	character tan skin brown hair green jacket smile
char_tan_skin_brown_hair_green_jacket_sad.ppm	character tan skin brown hair green jacket sad
char_tan_skin_brown_hair_green_jacket_surprise.ppm	character tan skin brown hair green jacket surprise
char_tan_skin_brown_hair_green_jacket_neutral.ppm	character tan skin brown hair green jacket neutral
char_tan_skin_brown_hair_purple_coat_smile.ppm	character tan skin brown hair purple coat smile
char_tan_skin_brown_hair_purple_coat_sad.ppm	character tan skin brown hair purple coat sad
char_tan_skin_brown_hair_purple_coat_surprise.ppm	character tan skin brown hair purple coat surprise
char_tan_skin_brown_hair_purple_coat_neutral.ppm	character tan skin brown hair purple coat neutral
char_light_skin_blonde_purple_coat_smile.ppm	character light skin blonde purple coat smile
char_light_skin_blonde_purple_coat_sad.ppm	character light skin blonde purple coat sad
char_light_skin_blonde_purple_coat_surprise.ppm	character light skin blonde purple coat surprise
char_light_skin_blonde_purple_coat_neutral.ppm	character light skin blonde purple coat neutral
char_light_skin_brown_hair_purple_coat_smile.ppm	character light skin brown hair purple coat smile
char_light_skin_brown_hair_purple_coat_sad.ppm	character light skin brown hair purple coat sad
char_light_skin_brown_hair_purple_coat_surprise.ppm	character light skin brown hair purple coat surprise
char_light_skin_brown_hair_purple_coat_neutral.ppm	character light skin brown hair purple coat neutral
char_dark_skin_blonde_purple_coat_smile.ppm	character dark skin blonde purple coat smile
char_dark_skin_blonde_purple_coat_sad.ppm	character dark skin blonde purple coat sad
char_dark_skin_blonde_purple_coat_surprise.ppm	character dark skin blonde purple coat surprise
char_dark_skin_blonde_purple_coat_neutral.ppm	character dark skin blonde purple coat neutral
char_dark_skin_brown_hair_purple_coat_smile.ppm	character dark skin brown hair purple coat smile
char_dark_skin_brown_hair_purple_coat_sad.ppm	character dark skin brown hair purple coat sad
char_dark_skin_brown_hair_purple_coat_surprise.ppm	character dark skin brown hair purple coat surprise
char_dark_skin_brown_hair_purple_coat_neutral.ppm	character dark skin brown hair purple coat neutral
motion_jump_f00.ppm	motion jump character leap air frame0
motion_jump_f01.ppm	motion jump character leap air frame1
motion_jump_f02.ppm	motion jump character leap air frame2
motion_jump_f03.ppm	motion jump character leap air frame3
motion_jump_f04.ppm	motion jump character leap air frame4
motion_jump_f05.ppm	motion jump character leap air frame5
motion_jump_f06.ppm	motion jump character leap air frame6
motion_jump_f07.ppm	motion jump character leap air frame7
motion_spin_f00.ppm	motion spin character rotate dance frame0
motion_spin_f01.ppm	motion spin character rotate dance frame1
motion_spin_f02.ppm	motion spin character rotate dance frame2
motion_spin_f03.ppm	motion spin character rotate dance frame3
motion_spin_f04.ppm	motion spin character rotate dance frame4
motion_spin_f05.ppm	motion spin character rotate dance frame5
motion_spin_f06.ppm	motion spin character rotate dance frame6
motion_spin_f07.ppm	motion spin character rotate dance frame7
motion_bow_f00.ppm	motion bow character lean greeting frame0
motion_bow_f01.ppm	motion bow character lean greeting frame1
motion_bow_f02.ppm	motion bow character lean greeting frame2
motion_bow_f03.ppm	motion bow character lean greeting frame3
motion_bow_f04.ppm	motion bow character lean greeting frame4
motion_bow_f05.ppm	motion bow character lean greeting frame5
motion_bow_f06.ppm	motion bow character lean greeting frame6
motion_bow_f07.ppm	motion bow character lean greeting frame7
